﻿<?xml version="1.0" encoding="utf-8"?>
<Chapter1>
  <spritesList>kiyoka,kofuki</spritesList>
  <choicesList>1,2,3,4,5,6,7</choicesList>
  <Line ID="1" speaker="me">
    <sprite>0,N</sprite>
    <theLine>hi</theLine>
  </Line>
  <Line ID="2" speaker="Kofuki">
    <sprite>0,1</sprite>
    <theLine>Dang Kiyoka, Toji no Miko is ending, but your bust size is still stuck at double As.  </theLine>
  </Line>
  <Line ID="3" speaker="me">
    <sprite>0,1</sprite>
    <theLine>roooooooooooosssststsstststst</theLine>
  </Line>
  <Line ID="2" speaker="Kofuki">
    <sprite>0,1</sprite>
    <theLine>raraararararaarar </theLine>
  </Line>
  <Line ID="1" speaker="me">
    <sprite>0,1</sprite>
    <theLine>222222222222222222</theLine>
  </Line>
  <Line ID="2" speaker="Kofuki">
    <sprite>0,1</sprite>
    <theLine>time to die</theLine>
  </Line>
  <Line ID="1" speaker="me">
    <sprite>0,1</sprite>
    <theLine>Dang Kiyoka, Toji no Miko is ending, but your bust size is still stuck at double As.  </theLine>
  </Line>
  <Line ID="1" speaker="me">
    <sprite>0,1</sprite>
    <theLine>A or B?</theLine>
    <choices>AAAAAA,BBBBBBBB</choices>
    <jump>8,9</jump>
  </Line>
  <Line ID="1" speaker="me">
    <sprite>0,1</sprite>
    <theLine>you chose A</theLine>
  </Line>
  <Line ID="1" speaker="me">
    <sprite>0,1</sprite>
    <theLine>you Chose B</theLine>
  </Line>
  <Line ID="2" speaker="Kofuki">
    <sprite>0,1</sprite>
    <theLine>time to die</theLine>
  </Line>
  <Line ID="2" speaker="Kofuki">
    <sprite>0,1</sprite>
    <theLine>time to die</theLine>
  </Line>
  <Line ID="1" speaker="me">
    <sprite>0,1</sprite>
    <theLine>Dang Kiyoka, Toji no Miko is ending, but your bust size is still stuck at double As.  </theLine>
  </Line>
  <Line ID="1" speaker="me">
    <sprite>0,1</sprite>
    <theLine>Dang Kiyoka, Toji no Miko is ending, but your bust size is still stuck at double As.  </theLine>
  </Line>
</Chapter1>